"SUM_checkouts","publicationyear"
"1","07/2018."
"1","1406 H., 1986."
"2","1431 [2010]"
"1","1812."
"2","1824."
"2","[1828-1833]"
"1","1833."
"1","1834-1835."
"1","1839."
"1","1842."
"1","1843."
"3","1846."
"1","1849."
"3","1850."
"2","1854."
"3","1855-1857."
"2","1856."
"5","1857."
"1","1860."
"1","1864."
"1","[1865?]"
"1","[1868?]"
"3","1868."
"2","[1869]"
"2","1869."
"9","1870."
"13","1871."
"2","[1873]"
"8","1875."
"3","1877."
"6","1878."
"1","[1879]"
"2","[1880?]"
"1","[1880]"
"1","1880."
"1","1881."
"1","1882."
"2","1883."
"5","1884."
"5","1885."
"8","[1886?]"
"2","[1886]"
"3","[1887?]"
"1","[1887]"
"2","1887."
"2","[1887-1890]"
"1","[1888]"
"4","1888."
"8","1889."
"1","[1890]"
"11","1890."
"1","1890-1893."
"1","1890, 1898."
"3","[1891?]"
"2","1891-"
"8","1891."
"1","1891-1904."
"4","[1892]"
"4","1892."
"5","[1893]"
"6","1893."
"2","1893-1898."
"5","[1894]"
"13","1894."
"1","1894-1897."
"1","1894-1902."
"8","[1895]"
"18","1895."
"1","1895-1896."
"1","1895-1900."
"1","[1895 or 1896]"
"3","[1896]"
"1","1896?."
"16","1896."
"7","[1897]"
"13","1897."
"14","[1898]"
"13","1898."
"4","[1899]"
"10","1899."
"2","[19--]"
"1","19-?"
"3","[1900?]"
"4","[1900]"
"32","1900."
"1","1900-1913."
"1","1900, pref. 1877."
"6","[1901]"
"40","1901."
"1","[1902?]"
"4","[1902]"
"22","1902."
"3","1902-1916."
"10","[1903]"
"22","1903."
"3","1903-1905."
"8","[1904]"
"10","1904."
"2","1904-37."
"3","[1905?]"
"9","[1905]"
"22","1905."
"1","1905-06."
"1","1905-1907."
"8","[1906]"
"13","1906."
"1","1906-12 [irregular]"
"1","1906 [1905]"
"3","1906-1908."
"12","[1907]"
"18","1907."
"1","1907-1909."
"1","1907-1958."
"10","[1908]"
"24","1908."
"14","[1909]"
"2","1909-"
"39","1909."
"2","[1910?]"
"15","[1910]"
"34","1910."
"1","[1910 ;] [1907]"
"5","[1910]-1924."
"9","[1911]"
"29","1911."
"1","1911-1913."
"8","[1912]"
"44","1912."
"8","[1913]"
"33","1913."
"13","[1914]"
"33","1914."
"1","1914; 1972."
"1","[1915?]"
"20","[1915]"
"34","1915."
"1","1915-1919."
"1","[1916?]"
"28","[1916]"
"38","1916."
"14","[1917]"
"35","1917."
"1","1917-[18]"
"2","1917-25."
"17","[1918]"
"25","1918."
"21","[1919]"
"15","1919."
"1","[1919] 1922]"
"2","1919-1923."
"2","1919-1941."
"1","19- 1938."
"1","[1920?]"
"19","[1920]"
"34","1920."
"1","[1921?]"
"23","[1921]"
"26","1921."
"1","1921-22."
"16","[1922]"
"23","1922."
"1","1922-29."
"1","[1923?]"
"12","[1923]"
"14","1923-"
"40","1923."
"2","1923-1931."
"2","1923, 1940."
"2","1923-39."
"1","[1924?]"
"29","[1924]"
"40","1924."
"24","[1925]"
"45","1925."
"1","[1925, reprinted 1960]"
"2","[1926?]"
"20","[1926]"
"3","1926-"
"40","1926."
"1","1926-1927."
"1","1926-1965, t.p. 1965-1977."
"1","1926, 1996."
"2","[1927?]"
"53","[1927]"
"2","1927-"
"44","1927."
"3","©1927, ©1954."
"4","1927-1997."
"1","[1928?]"
"40","[1928]"
"67","1928."
"2","1928-1929."
"2","1928-1935."
"1","1928-1941."
"3","[1928-35]"
"1","[1928, renewed 1956]"
"1","[1929?]"
"56","[1929]"
"70","1929."
"1","1929-31."
"67","[1930]"
"5","[1930]-"
"49","1930."
"3","[1930-67]"
"2","[1931?]"
"29","[1931]"
"1","1931-"
"54","1931."
"2","1931-1952."
"4","[1932?]"
"34","[1932]"
"58","1932."
"97","[1933]"
"1","©1933."
"34","1933."
"2","1933-49."
"3","[1934?]"
"39","[1934]"
"1","©1934."
"5","1934-"
"48","1934."
"1","1934-1935."
"41","[1935]"
"58","1935."
"4","1935-1937."
"1","[1936-]"
"101","[1936]"
"1","1936-"
"289","1936."
"1","1936-1945."
"3","1936, 1972."
"5","[1937?]"
"180","[1937]"
"268","1937."
"1","[1937-42; v.1, 1942]"
"2","[1938?]"
"46","[1938]"
"2","1938?."
"87","1938."
"2","1938-1955."
"4","1938-53."
"1","[1939?]"
"182","[1939]"
"1","1939-"
"67","1939."
"1","1939-41."
"2","1939-c1995."
"237","[1940]"
"72","1940."
"2","1940-1942."
"1","1940-5701."
"2","[1941?]"
"89","[1941]"
"402","1941."
"5","1941-55."
"2","[1942,]"
"295","[1942]"
"1","[1942]."
"92","1942."
"4","1942-1977."
"1","[1943?]"
"75","[1943]"
"1","1943-"
"86","1943."
"1","[1944?]"
"77","[1944]"
"161","1944."
"1","[1944-62]"
"3","[1945-]"
"4","[1945?]"
"282","[1945]"
"1","1945?."
"76","1945."
"1","[1945, c1917]"
"2","[1945 or 1946]"
"72","[1946]"
"2","1946-"
"1","1946?."
"50","1946."
"1","1946-66."
"1","[1947?]"
"475","[1947]"
"460","1947."
"1","[1947-48]"
"8","1947-51."
"5","1947-62."
"1","1947 [that is, 1946]"
"2","[1948?]"
"312","[1948]"
"407","1948."
"1","1948-[1957]"
"1","1948-1981."
"3","[1949?]"
"388","[1949]"
"89","1949."
"3","1949-1950."
"1","1949?-1950."
"1","1949-53."
"2","[1950?]"
"120","[1950]"
"5","1950-"
"263","1950."
"2","[1950-51]"
"1","1950-53."
"209","[1951]"
"1","1951-"
"1","1951?."
"172","1951."
"1","[1951-<1991>]"
"8","[1951-57, v. 1, 1952]"
"4","[1952?]"
"439","[1952]"
"1","©1952."
"2","1952-"
"2","1952;"
"88","1952."
"1","[1952-53]"
"3","1952-54."
"2","1952-59."
"3","[1953-]"
"2","[1953?]"
"454","[1953]"
"345","1953."
"4","[1953, 1972]"
"1","[1953], 1975 printing."
"12","1953-1989."
"1","1953-57."
"1","1953-c1989."
"7","[1954?]"
"581","[1954]"
"91","1954."
"1","1954-1967."
"2","1954-<1988 >"
"1","1954-78."
"1","1954-84."
"1","[1955-]"
"11","[1955?]"
"617","[1955]"
"11","©1955."
"108","1955."
"3","1955-1974."
"1","1955-<1996 >"
"4","[1955, [2012]"
"1","1955-56."
"2","1955 [that is, 1956]"
"6","[1956?]"
"755","[1956]"
"3","1956-"
"124","1956."
"1","1956-1957."
"1","[1956-1961]"
"1","1956-1968."
"10","1956-58."
"8","[1957?]"
"1262","[1957]"
"94","1957."
"1","1957-1958."
"1","1957-79."
"2","[1958?]"
"1732","[1958]"
"218","1958."
"1","1958-59."
"2","[1958-60]"
"6","1958-61."
"1","1958 [that is, 1959]"
"1","[1959-]"
"21","[1959?]"
"633","[1959]"
"4","1959-"
"166","1959."
"2","1959-1970."
"2","[©1960]"
"2","[1960?]"
"2004","[1960]"
"372","1960."
"5","[1960, 1961]"
"4","1960-1961."
"1","1960-1977."
"1","1960-1986."
"1","1960-63."
"17","1960-82."
"3","[1961?]"
"2122","[1961]"
"290","1961."
"3","1961-1962."
"1","1961-1964."
"2","1961-1966."
"1","1961-65."
"4","1961 [that is, 1962]"
"1","[1962-]"
"8","[1962?]"
"2210","[1962]"
"2","1962-"
"156","1962."
"10","1962, ©1961."
"1","1962-1966."
"3","[1962, [2012]"
"6","[1962- c1946-]"
"1","[1962-c1993]"
"1","<1963>."
"4","[1963?]"
"1663","[1963]"
"1","[1963]."
"673","1963."
"2","[1963-1965]"
"1","1963-1966."
"2","[1963-1973, c1962-1966]"
"2","1963-65."
"3","1963-[71]"
"4","[1964-]"
"1234","[1964]"
"299","1964."
"1","1964, 1957."
"2","[1964, 1980]"
"2","1964-19<91 >"
"16","1964 [that is, 1965]-<1980 >"
"3","-1965."
"8","[1965-]"
"10","[1965?]"
"1229","[1965]"
"1","©1965."
"1","1965-"
"457","1965."
"1","1965-[1968]"
"2","1965-1969."
"3","1965-67."
"1","[1965-71]"
"2","1965-71."
"1","[1965-72]"
"2","[1965, c1964-]"
"1","[1965]-c1985."
"2","(1966)"
"5","[1966?]"
"1090","[1966]"
"3","[1966]-"
"2","©1966."
"1","1966-"
"320","1966."
"2","[1966, 1962]"
"3","1966-1988."
"1","1966-68."
"1","1966-69."
"2","[1966, c1976]"
"1","[1966, i.e. 1967]"
"1","1966 [that is, 1967]"
"1","(1967)"
"5","[1967?]"
"1440","[1967]"
"16","©1967"
"5","1967-"
"424","1967."
"5","[1967, 1998]"
"4","1967-<c1981 >"
"1","1967 [that is, 1968]"
"1","1967 [that is, 1969]"
"9","[1968?]"
"1877","[1968]"
"3","1968-"
"243","1968."
"2","1968)"
"2","[1968-69]"
"1","[1968-72. v. 1, c. 1967]"
"2","[1968, c1970]"
"1","1968 [that is, 1969]"
"1","[1969?]"
"1220","[1969]"
"39","©1969."
"7","1969-"
"238","1969."
"1","[1969, 1964]"
"2","1969-1975."
"15","[1969-1980]"
"1","1969-70."
"1","[1969-71]"
"1","[1969-75; v. 1, 1975, v. 11, 1969]"
"16","[1969, c1997]"
"1","1969 [that is, 1970]"
"1","[1969- v. 1, 1970]"
"2","[196-?, c1958]"
"2","[197?]"
"15","[1970?]"
"1735","[1970]"
"33","©1970."
"2","1970-"
"881","1970."
"1","[1970, 1969]"
"5","[1970]-<1983 >"
"1","1970-<1986 >"
"1","1970-1993."
"5","[1970, 1996 and 2013]"
"6","[1970, 2004]"
"1","1970-76."
"43","[1970, c1952]"
"3","[1971-]"
"6","[1971?]"
"2","[1971.]"
"1580","[1971]"
"17","©1971."
"152","1971-"
"589","1971."
"1","1971]"
"7","1971, ©1967."
"1","<1971-1972>"
"1","1971-1992."
"4","[1971, 2004]"
"2","1971-74."
"1","1971, c1953."
"1","[1971, i.e. 1972]"
"3","[1972-]"
"3","[1972?]"
"2031","[1972]"
"6","[1972]."
"9","1972-"
"712","1972."
"7","[1972], ©1949."
"6","[1972], 1959."
"2","1972, ©1967."
"6","1972, ©1970."
"1","[1972-<73] >"
"3","[1972-74]"
"1","[1972-75]"
"2","[1972]-c1981."
"1","1972-c1989."
"1","[1972, i.e. 1973]"
"5","[1973-]"
"4","[1973?]"
"1582","[1973]"
"55","©1973."
"2","1973-"
"668","1973."
"1","[1973-<1976>]"
"1","[1973]-1978."
"1","1973-<1981 >"
"7","1973-1984."
"4","[1973-75]"
"2","[1974-]"
"30","[1974?]"
"1959","[1974]"
"1","©1974."
"8","1974-"
"454","1974."
"1","1974-1975."
"1","[1974-1977]"
"2","1974 [1981 or 1982]"
"1","[1974-76]"
"3","1974 [that is, 1975]"
"16","[1975?]"
"1485","[1975]"
"679","1975."
"15","1975-1979."
"2","1975-1983."
"2","1975-1986."
"31","[1975, c1947]"
"2","[1975, c1948]"
"1","[1975, c1955]"
"1","1975 [that is, 1976]"
"4","[1976?]"
"1322","[1976]"
"1","©1976."
"2","1976-"
"735","1976."
"5","1976, ©1973."
"2","1976-1977."
"1","1976-1980."
"3","[1976, [2012]"
"1","1976 i.e. 1977."
"1","[1976- p1975-]"
"1","[1976. Pub. no. 44332]"
"8","[1977?]"
"1591","[1977]"
"1","1977-"
"1225","1977."
"1","1977, ©1951."
"20","[1977, 1954]"
"5","1977, ©1963."
"12","1977, ©1967"
"1","1977-1979."
"2","1977-<1981 > c1976-<c1981 >"
"20","1977-1983."
"1","1977-1987."
"4","[1977, c1948]"
"10","1977-c1984."
"16","[1977, c2009]"
"1","1977 [that is, 1976]"
"68","1978"
"10","[1978?]"
"1840","[1978]"
"2","©1978."
"159","1978-"
"1053","1978."
"10","1978, ©1952."
"6","1978, ©1977."
"1","1978-1983."
"1","1978-1984."
"1","1978-1986."
"1","1978-1992."
"11","[1979?]"
"1902","[1979]"
"2","©1979."
"38","1979-"
"773","1979."
"5","1979, ©1965."
"14","1979, ©1968."
"6","[1979, 1969]c1977."
"2","1979-1980."
"2","1979-1984."
"1","1979 [1986 or 1987]"
"4","1979-1987."
"11","1979-1995."
"2","1979-<1996>"
"7","1979-1997."
"1","1979 ʻĀ.Me. [i.e. 1987]"
"6","[1979, c1951]"
"4","[1979, c2004]"
"1","[198-?-]"
"7","[1980?]"
"2271","[1980]"
"21","©1980."
"4","1980-"
"637","1980."
"42","1980, ©1960."
"20","1980, ©1977."
"1","1980-1981."
"10","1980-1982."
"1","1980-1984."
"4","[1980?]-c1990."
"11","[1981?]"
"2520","[1981]"
"2","1981-"
"761","1981."
"1","[1981, 1982]"
"1","1981-1985."
"2","1981-<1987 >"
"2","1981-1989."
"1","1981-1990."
"1","1981-<1991 >"
"1","[1981] 2001."
"23","[1981, 2013]"
"39","[198-?], ℗1976."
"1","[1981 or 1982]"
"9","[1982?]"
"2385","[1982]"
"68","©1982."
"1","1982-"
"2","1982?."
"924","1982."
"25","1982, ©1963."
"1","1982, ©1980."
"1","1982-1985."
"1","[1982]-[1988]"
"3","1982-<1988 >"
"1","1982-<1990>"
"3","©1982, 1991."
"1","1982-<1993 >"
"11","[1982, c1952]"
"1","[1982 or 1983]"
"1","[1983-]"
"4","[1983?-]"
"28","[1983?]"
"2635","[1983]"
"243","©1983."
"3","1983-"
"930","1983."
"39","1983, ©1966."
"8","1983, ©1974."
"17","[1983], ©1977."
"1","[1983-1985]"
"2","[1983?-1985?]"
"1","1983-1985."
"7","1983-<1986>"
"1","1983-1986."
"1","1983-[1988 or 1989]"
"1","1983-1996."
"4","[1983], p1975]"
"120","[1984?]"
"1","[1984?]-"
"3011","[1984]"
"214","©1984."
"8","℗1984."
"864","1984."
"4","[1984], ©1967."
"3","1984, ©1982."
"1","1984-<1987 >"
"1","1984-1987."
"1","[1984?]-<1988>"
"1","1984-<1988 >"
"1","[1984?-1991]"
"2","1984-1994."
"1","[1984], c1962]"
"6","[1984], c1975."
"3","1984,.c1980."
"1","[1984]-c1987."
"8","[1984, c2004]"
"2","<1985- >"
"2","[1985-]"
"188","[1985?]"
"3963","[1985]"
"261","©1985."
"5","1985-"
"1154","1985."
"2","1985, ©1937."
"6","[1985], ©1953."
"1","1985, ©1969."
"4","1985, [1973]"
"8","1985, ©1977."
"15","1985, ©1984."
"1","1985-<1991 >"
"467","[1985, 2010]"
"188","[1985, c1957]"
"1","[1985-<c1989 >]"
"10","[1985], p1984]"
"8","[1985, p2006]"
"1","<1986>"
"88","[1986?]"
"3677","[1986]"
"434","©1986."
"2","℗1986."
"99","1986-"
"1693","1986."
"2","[1986?], ©1961."
"76","1986, 1972."
"1","1986, 1980."
"12","1986, ©1982."
"2","1986, ©1983."
"6","1986, ©1985."
"6","<1986-1988>."
"1","1986-1989."
"4","1986-1997."
"3","1986, c1983-1994."
"3","[1986-<c1988 >]"
"8","[1986], p1956]"
"8","[1986, p1976]"
"476","[1987?]"
"5348","[1987]"
"430","©1987."
"41","℗1987."
"1","1987-"
"1922","1987."
"8","1987, ©1963."
"4","[1987], 1969."
"16","[1987], ℗1978."
"1","1987, ©1986."
"3","1987-1989."
"1","1987-1992."
"2","1987-1995."
"6","1987-2006."
"1","1987-2009."
"9","1987, c.1978."
"10","1987, c1985."
"42","1988"
"352","[1988?]"
"4600","[1988]"
"10","[1988]."
"181","©1988."
"78","℗1988."
"2","1988-"
"2110","1988."
"25","1988, ©1950."
"1","1988, 1951."
"59","1988, ©1956."
"15","1988, 1964."
"3","[1988], ©1967."
"15","[1988], ℗1969."
"16","[1988], ℗1974."
"4","1988, 1975."
"21","[1988?], ℗1976."
"16","©1988, ℗1984."
"14","1988, ©1985."
"34","1988, ©1986."
"34","1988, ©1987."
"12","1988, 1987."
"1","1988-1989."
"2","1988-<1991 >"
"3","1988-1991."
"1","1988-89."
"1","[1988, c1984]"
"1","1988, c1987-"
"3","[1988, i.i. 1999]"
"12","[1988], p1966]"
"1","[1988], p1975]"
"3","[1988], p1976]"
"11","[1988, p1985]"
"1","1988 [that is, 1990]"
"4","1989"
"6","<1989>-"
"185","[1989?]"
"5834","[1989]"
"26","©1989."
"128","℗1989."
"63","1989-"
"2934","1989."
"4","[1989], ©1959, ©1922."
"17","©1989, ℗1961."
"18","1989, ©1967."
"10","©1989, ℗1973."
"1","1989, ©1977."
"7","[1989], ©1988."
"17","1989, ©1988."
"1","1989-<1991 >"
"2","1989-<1994>"
"3","[1989, [2000]"
"2","1989, 2001."
"4","1989, c1979."
"1","[198?], c1923."
"1","[198?], c1968."
"94","[199-?]"
"65","[199?]"
"4","©199-?."
"598","[1990?]"
"5809","[1990]"
"15","[1990]."
"187","©1990."
"121","℗1990."
"2","1990-"
"1","1990?."
"3093","1990."
"30","1990, ©1949."
"6","1990, [1961]"
"15","1990, ©1971."
"1","1990, 1971."
"37","[1990], ℗1972."
"15","[1990], ℗1973."
"2","[1990], ©1976."
"28","[1990], ℗1977."
"19","[1990], ℗1985."
"3","1990, ©1988."
"17","1990, ©1989."
"2","1990-<1996>"
"1","1990-<1997>"
"14","[1990, c1945]"
"29","[1990, [c1977]"
"1","[1990], c1978"
"14","[1990, p1971]"
"14","[1990, p1975]"
"27","[1990], p1977]"
"18","[1990, [p1989]"
"5","[1990], p1989]"
"5","1991"
"321","[1991?]"
"6297","[1991]"
"7","[1991]."
"609","©1991."
"41","℗1991."
"3","1991-"
"3508","1991."
"1","1991, 1909."
"18","1991, ©1935."
"4","1991, ©1971."
"5","[1991], ©1975."
"5","1991, ©1976."
"2","1991, ©1983."
"1","1991, ©1988."
"14","1991, ©1990."
"4","1991-<1996 >"
"1","1991-1997."
"11","1991-2009."
"34","[1991;] 2012."
"85","1991, ℗2017."
"32","[1991, c1975]"
"2","[1991], c1987."
"4","1991, c1990."
"18","[1991, p1974]"
"22","[1991, p1978]"
"39","[1991, p1980]"
"4","<1992>"
"3","[©1992]"
"91","[1992?]"
"5771","[1992]"
"190","©1992."
"71","℗1992."
"8","1992-"
"5","1992-."
"3","1992?."
"4579","1992."
"42","[1992]. ©1955."
"3","[1992], ©1980."
"21","[1992], ℗1980."
"3","1992, ©1990."
"2","1992. 1990."
"11","1992, ©1991."
"1","1992, 1991."
"6","[1992, [2005]"
"15","1992, c1981."
"2","1992, c1990."
"3","1992, c1997."
"4","[1992, p1964]"
"2","[1992, p1974]"
"52","[1992, p1979]"
"3","[1992], p1989]"
"9","[1992], p1990]"
"1","<1993- >"
"3","[1993-]"
"195","[1993?]"
"7283","[1993]"
"35","[1993]."
"368","©1993."
"88","℗1993."
"8","1993-"
"4209","1993."
"3","[1993], ©1964"
"16","©1993, ©1970."
"1","1993, ©1971."
"65","[1993], ℗1976."
"2","[1993, 1978]"
"1","[1993, 1989]"
"3","1993, ©1992."
"3","<[1993]-1994 >"
"1","1993-1994."
"2","[1993, 1995]"
"10","1993-1995."
"1","1993-<1998>"
"1","[1993, 2006]"
"2","[1993, c1971]"
"3","[1993, c1979]"
"9","[1993, c1990]"
"16","1993, c1992."
"5","[1993], p1962, 1969]"
"7","[1993], p1976]"
"16","[1993], p1977]"
"11","[1993, p1992]"
"2","1993 (reprinted 1997)"
"2","[1993 [that is, 1995]"
"7","[1994-]"
"327","[1994?]"
"8030","[1994]"
"8","©1994-"
"282","©1994."
"31","℗1994."
"9","1994-"
"4799","1994."
"5","[1994, 1969]"
"6","1994, ©1972."
"5","[1994], ©1982."
"30","[1994, 1989]"
"16","1994, ©1990."
"7","©1994, ℗1992."
"21","©1994, ℗1993."
"15","1994, ©1993."
"5","1994-<1995>"
"42","[1994, [2001]"
"74","[1994, c1953]"
"12","[1994, p1974]"
"4","[1994, p1981]"
"24","[1994, p1993]"
"12","1995"
"434","[1995?]"
"8522","[1995]"
"1","[1995]."
"137","©1995."
"167","℗1995."
"4","1995-"
"6234","1995."
"7","[1995], ©1968."
"22","©1995, ℗1978."
"8","1995, ©1985."
"3","1995, ©1993."
"25","1995, ©1994."
"1","1995-1999"
"3","[1995, 1999, p2003]"
"2","1995 [2002 or 2003]"
"2","[1995, 2006]"
"22","[1995, 2012]"
"281","[1995, c1967]"
"9","[1995], c1983."
"67","[1995, c1994]"
"10","1995, c1994."
"15","[1995, c2012]"
"8","[1995, p1990]"
"22","[1995, p1991]"
"1","<1996- >"
"157","[1996?]"
"8397","[1996]"
"31","[1996]."
"290","©1996."
"117","℗1996."
"5","1996-"
"6489","1996."
"11","[1996], ℗1972."
"1","1996, ©1986."
"5","1996, ©1987."
"11","[1996], ©1995."
"9","1996, ©1995."
"1","1996-<1998 >."
"4","[1996, [2012]"
"25","[1996, 2017]"
"3","[1996, c1961]"
"2","[1996, c1982]"
"4","[1996, c1995]"
"18","[1996, p1980]"
"2","[1996, p1982]"
"4","[1996, p1991]"
"135","1997"
"11","[©1997]"
"5","[1997?- ]"
"325","[1997?]"
"10224","[1997]"
"6","[1997]."
"131","©1997."
"170","℗1997."
"27","1997-"
"7368","1997."
"7","1997, 1957."
"27","[1997], ℗1974."
"15","1997, ©1974."
"26","[1997], ℗1975."
"7","1997, 1977."
"28","[1997], ℗1980."
"36","℗1997, ℗1982."
"25","[1997], ℗1984."
"18","1997, ©1985."
"32","[1997], ©1988"
"1","1997, 1990."
"1","1997, ©1992."
"12","1997, ©1994."
"6","[1997], ©1995."
"3","1997, ©1995."
"33","1997, ©1996."
"3","[1997, 1998]"
"2","1997-1999."
"5","[1997, c1991]"
"2","[1997, c1994]"
"7","1997, c1995."
"3","1997, c1996."
"13","[1997, p1964]"
"3","[1997], p1966]"
"20","[1997, p1973]"
"10","[1997, p1977]"
"10","[1997, p1978]"
"8","[1997, p1982]"
"8","[1997, p1984]"
"25","[1997, p1990]"
"12","[1997, p1996]"
"1","1997 [that is, 1998]"
"8","1998"
"1","<1998 >"
"73","[©1998]"
"517","[1998?]"
"15040","[1998]"
"315","©1998."
"55","℗1998."
"13","1998-"
"10584","1998."
"2","[1998,1944]"
"2","1998, ©1958."
"3","1998, 1964."
"1","[1998?], 1966."
"19","[1998?], 1971."
"52","©1998, ℗1980."
"1","1998, 1987."
"9","1998, ©1988."
"63","1998, ©1993."
"23","1998, ©1994."
"2","1998, ©1996."
"2","[1998], ©1997."
"24","1998, ©1997."
"48","1998, 1997."
"2","1998-1999."
"1","1998, 1999."
"1","1998-2000."
"5","[1998, 2003]"
"6","[1998, 2005]"
"12","[1998], c1926."
"9","[1998, c1981]"
"14","[1998, c1987]"
"7","[1998, c1989]"
"48","1998, c1997."
"9","[1998, c2014]"
"1","[1998], p1967]"
"46","[1998, p1973]"
"1","[1998, p1974]"
"6","[1998, p1977]"
"11","[1998, p1980]"
"5","[1998, p1989]"
"15","[1998, p1990]"
"6","[1998], p1995]"
"9","[1998, p1997]"
"33","1999"
"2","<1999- >"
"684","[1999?]"
"6","[1999?]-"
"17362","[1999]"
"851","©1999."
"67","℗1999."
"17","1999-"
"89","1999?."
"14543","1999."
"17","[1999], ©1979."
"15","1999, 1979."
"10","[1999, 1980]"
"4","[1999], ℗1980."
"2","1999, 1983."
"11","℗1999, ℗1990."
"4","1999, ©1990."
"142","[1999?], 1993."
"38","1999, ©1994."
"23","1999, ©1997."
"2","1999, 1997."
"12","[1999, 1998]"
"23","1999, ©1998."
"1","1999, 1998."
"5","1999-2000."
"2","[1999, 2001]"
"38","[1999, 2003]"
"1","1999 [2006 or 2007]"
"61","1999-2013."
"1","[1999, c1943]"
"3","1999, c1959."
"1","[1999, c1983]"
"24","[1999, c1995]"
"3","[1999, c1997]"
"19","1999, c1998."
"24","[1999, p1975]"
"35","[1999, p1976]"
"43","[1999, p1977]"
"26","[1999, p1980]"
"23","[1999, p1982]"
"10","[1999], p1982]"
"2","[1999], p1988]"
"1","1999 [that is, 2000]"
"13","[199-? p1959]"
"150","[20--?]"
"23","[20??]"
"5","[200-]"
"15","[200?]"
"6","2000"
"1123","[2000?]"
"18344","[2000]"
"2","[2000]."
"17","©2000"
"390","©2000."
"74","℗2000."
"60","2000-"
"15769","2000."
"3","2000, 1847."
"8","2000, 1881."
"3","℗2000, ©1960."
"3","2000, ©1960."
"10","2000, ℗ & ©1967."
"34","2000, 1970."
"8","2000, ©1976."
"23","©2000, ℗1977."
"6","2000, ©1982."
"79","[2000,1985]"
"44","[2000?], ©1990."
"53","[2000], 1991."
"26","[2000, 1992]"
"3","2000, ©1992."
"2","[2000, 1993]"
"11","℗2000, ©1995."
"13","[2000], ©1998."
"20","2000, 1998."
"2","[2000?], ©1999."
"8","[2000], ©1999."
"17","℗2000, ℗1999."
"33","2000, ©1999."
"2","2000, 1999."
"1","2000,1999."
"29","[2000, 2001]"
"5","2000-2002."
"2","[2000-2004]"
"2","[2000, 2004]"
"5","[2000, [2006]"
"1","2000-2009."
"1","2000, 2015."
"5","[2000, c1961]"
"359","[2000, c1969]"
"7","[2000, c1972]"
"15","[2000], c1985]"
"2","[2000, c1993]"
"8","2000, c1998."
"109","[2000, c1999]"
"3","[2000], c1999."
"2","2000, c1999."
"21","[2000, c2001]"
"204","[2000 or 2001]"
"14","[2000 or 2001]."
"24","[2000, p1967]"
"3","[2000, p1970]"
"28","[2000, p1971]"
"28","[2000, p1972]"
"51","[2000, p1973]"
"55","[2000, p1974]"
"55","[2000, p1976]"
"20","[2000], p1978]"
"35","[2000], p1979]"
"9","[2000, p1981]"
"14","[2000], p1981]"
"29","[2000, p1982]"
"8","[2000], p1982]"
"19","[2000], p1984]"
"11","[2000], p1999]"
"379","[2001?]"
"21036","[2001]"
"16","©2001"
"584","©2001."
"273","℗2001."
"10","2001-"
"17328","2001."
"44","©2001, 1962."
"1","2001,1966."
"1","2001,1981."
"64","[2001, 1991]"
"36","2001, ©1991."
"14","[2001], ©1994"
"7","[2001], ©1994."
"5","[2001], 1994."
"8","2001, 1994."
"20","℗2001, ℗1995."
"14","[2001], ℗1996."
"5","2001, ©1996."
"2","[2001, 2000]"
"128","[2001], ©2000."
"112","2001, ©2000."
"18","2001, 2000."
"22","[2001, 2002]"
"1","[2001, 2003]"
"1","2001, 2005."
"9","[2001, 2012]"
"72","[2001, c1980]"
"19","[2001, c1981]"
"64","[2001, c1984]"
"3","2001, c1985."
"20","[2001, c1988]"
"43","[2001, c1993]"
"21","2001, c1995."
"3","[2001, c1999]"
"13","[2001, c2000]"
"2","2001, c2000."
"1","[2001, c2002]"
"6","[2001, c2005]"
"1","2001, cc1985."
"3","2001 [i.e., 2009]."
"15","[2001, p1976]"
"14","[2001, p1978]"
"11","[2001, p1979]"
"12","[2001, p1980]"
"7","[2001], p1984]"
"23","[2001, p1986]"
"8","[2001, p1987]"
"3","[2001, p1995]"
"13","[2001], p1997]"
"2","[2001, p1999]"
"1","2001[that is, 2002?]"
"3","2002"
"1","[2002?-]"
"655","[2002?]"
"26106","[2002]"
"14","[2002]."
"31","©2002"
"578","©2002."
"56","℗2002."
"4","2002-"
"18254","2002."
"4","2002, 1880."
"8","2002, ©1947."
"8","©2002, ℗1958."
"5","[©2002], ℗1971."
"27","©2002, ©1973."
"5","2002, 1975."
"4","[2002], 1976."
"4","2002, ©1978."
"3","[2002], ©1981."
"10","[2002], ©1986."
"19","[2002], ℗1986."
"27","[2002], ℗1988."
"6","[2002], ℗1990."
"11","2002, 1991."
"14","[2002], ©1993."
"12","2002, ©1993."
"68","2002, 1993."
"3","[2002], ©1994."
"7","2002, 1995."
"10","[2002], 1996."
"122","2002, 1996."
"33","[2002, 1998]"
"31","2002, 1998."
"1","2002,1998."
"15","2002, ©1999."
"1","2002, 1999."
"28","[2002], ©2000."
"48","2002, ©2000."
"34","[2002], ©2001."
"13","©2002, ©2001."
"16","2002, ©2001."
"23","[2002, 2003]"
"10","[2002, 2004]"
"1","2002, 2004."
"1","2002, 2006."
"2","2002 [ʻĀ.Me.], i.e. 2010."
"181","[2002, c1956]"
"31","[2002, c1958]"
"20","[2002], c1972]"
"5","[2002, c1982]"
"31","[2002, c1992]"
"5","[2002, c1993]"
"6","[2002, c1994]"
"7","[2002, c1999]"
"7","[2002, c2001]"
"6","[2002, c2003]"
"1","2002 i.e. 2009."
"2","2002 (i.e., 2010)"
"2","[2002, p1960]"
"53","[2002, p1964]"
"54","[2002, p1966]"
"38","[2002, p1967]"
"41","[2002, p1968]"
"71","[2002, p1969]"
"34","[2002, p1974]"
"23","[2002, p1975]"
"17","[2002, p1977]"
"10","[2002, p1979]"
"6","[2002, p1982]"
"5","[2002, p1986]"
"5","[2002, p1989]"
"3","[2002], p1990]"
"8","[2002, p1994]"
"11","[2002, p1996]"
"4","[2002], p1997."
"15","[2002, p1999]"
"9","[2002, p2001]"
"37","[2002], p2001]"
"5","[2002, p2002]"
"6","[2002 [that is, 2001]"
"13","2003"
"76","[©2003]"
"585","[2003?]"
"36244","[2003]"
"13","[2003]."
"17","©2003"
"971","©2003."
"173","℗2003."
"20","2003-"
"20606","2003."
"3","2003, 1953."
"8","2003, 1964."
"8","2003, ©1973."
"36","[2003], ©1974."
"9","2003, ©1978."
"22","[2003, 1980]"
"30","[2003, 1981]"
"21","©2003, ℗1982."
"3","[2003], ©1986."
"17","2003, ©1987."
"10","2003, ©1991."
"27","2003,1994."
"3","[2003], ©1995."
"6","2003, 1996."
"4","2003, ©1997."
"8","2003, ©1998."
"20","[2003, 1999]"
"29","[2003]-©1999."
"19","[2003], ©1999."
"21","[2003], ℗1999."
"10","[2003], ©2001."
"11","2003, ©2001."
"2","[2003, 2002]"
"43","2003, ©2002."
"6","2003, 2002."
"1","[2003, 2004]"
"12","2003, 2004."
"5","[2003, 2005]"
"2","[2003-2005 [2003?]"
"2","2003-2008."
"7","[2003-2008 [2003?]"
"3","[2003-2008. [that is, 2003]"
"8","[2003, 2009]"
"3","2003 [2010 or 2011]"
"10","[2003, 2011]"
"10","[2003,] [2013]"
"1","2003 Ā.Me, i.e. 2010 or 2011."
"1","[2003 ʻĀ.Me., i.e. 2011]"
"15","[2003, c1929]"
"3","[2003, c1953]"
"25","[2003, c1967]"
"13","2003, c1972."
"8","[2003, c1979]"
"1","2003, c1980."
"98","[2003, c1991]"
"5","[2003, c1994]"
"10","[2003, c1996]"
"18","[2003, c2000]"
"2","2003, c2000."
"20","2003, c2001."
"30","[2003, c2002]"
"13","2003, c2002."
"4","[2003, c2003]"
"5","[2003, p1974]"
"19","[2003, p1975]"
"24","[2003, p1976]"
"22","[2003, p1977]"
"34","[2003, p1979]"
"55","[2003, p1980]"
"23","[2003, p1987]"
"21","[2003, p1990]"
"15","[2003, p1996]"
"3","[2003], p1999]"
"17","[2003, p2001, c1969]"
"41","[2003, p2005]"
"8","2003, v1993."
"182","2004"
"504","[2004?]"
"40","[2004.]"
"41662","[2004]"
"8","[2004]."
"14","[2004]]"
"811","©2004."
"282","℗2004."
"2","2004-"
"42","2004,"
"26251","2004."
"15","2004, 1938."
"7","[2004], 1967."
"8","[2004, 1968]"
"2","[2004], ©1973."
"23","[2004], ℗1978."
"14","©2004, ©1978."
"12","2004, ©1981."
"9","[2004], ©1983."
"33","℗2004, ℗1983."
"6","2004, ©1984."
"8","2004, 1984."
"11","©2004, ℗1985."
"3","2004, ©1985."
"5","2004, 1987."
"9","[2004, 1988]"
"13","[2004], ℗1988."
"13","2004, ©1988."
"1","[2004, 1991]"
"19","©2004, 1991."
"1","2004, 1993."
"21","©2004; 1994"
"1","[2004], 1995."
"5","℗2004, ©1997."
"6","2004, ©2000."
"86","2004, ©2001."
"41","2004, 2001."
"10","[2004], ©2002."
"17","2004, ©2002."
"9","[2004, 2003]"
"165","[2004], ©2003."
"270","2004, ©2003."
"23","[2004, 2005]"
"6","2004 [2012]"
"1","[2004 ʻĀ. Me. [2011 or 2012]]"
"1","[2004 ʻĀ. Me.] [2011 or 2012]"
"16","[2004, c1967]"
"6","[2004, c1989]"
"3","[2004, c1991]"
"4","[2004, c1993]"
"1","[2004, c2002]"
"39","[2004], c2002."
"23","[2004, c2003]"
"1","2004, c2003."
"21","[2004, c2011]"
"2","[2004 or 2005]."
"21","[2004, p1979]"
"17","[2004, p1983]"
"1","[2004, p1988]"
"2","[2004, p1990]"
"23","[2004, p1992-1993]"
"6","[2004, p1994]"
"34","[2004, p1996]"
"5","[2004, p2002]"
"8","[2004], p2002]"
"3","[2004], p2003]"
"18","2004, pc1983."
"3","2004 [that is, 2003]"
"37106","2005"
"1","-[2005]"
"3","[©2005]."
"401","[2005?]"
"44126","[2005]"
"1","[2005]-"
"95","[2005]."
"5","©2005"
"522","©2005."
"249","℗2005."
"3","2005-"
"4","2005- ."
"31809","2005."
"7","[2005], ©1935."
"8","2005, ©1965."
"6","[2005?], 1971."
"28","[2005], 1972."
"3","[2005], ©1975."
"47","[2005], ℗1975."
"1","[2005], 1975."
"9","[2005?], ©1976."
"26","[2005, 1977]"
"2","[2005], 1979."
"76","[2005, 1980]"
"17","[2005, [1981]"
"1","[2005], ©1986."
"17","2005, ©1986."
"2","[2005, 1987]"
"6","2005, ©1987."
"5","[2005?], 1989."
"1","[2005], 1989."
"11","[2005], 1990."
"24","2005, ©1993."
"27","[2005], ©1995."
"36","2005, ©1995."
"56","2005, 1996."
"18","2005, ©1997."
"11","2005, ©1998."
"40","[2005], ©1999."
"106","2005, ©1999."
"27","2005, ©2001."
"48","[2005], ©2002."
"33","2005, ©2002."
"65","©2005, ℗2003."
"38","2005, ©2003."
"23","[2005], ©2004."
"36","2005, [2004]"
"60","2005, ©2004."
"5","2005-2006."
"5","[2005, 2008]"
"5","2005-2009."
"1","2005 [2012]"
"88","[2005, c1968]"
"2","2005, c1977."
"11","[2005, c1992]"
"4","[2005,c1992]"
"2","[2005, c1993]"
"2","[2005,c1993]"
"22","[2005, c2004]"
"1","[2005], c2004]"
"16","2005, c2004."
"12","[2005, c2006]"
"2","[2005, c2013]"
"8","2005 [i.e. 2013]"
"1","2005 [i.e., 2013]"
"11","[2005, p1963]"
"7","[2005, p1969]"
"7","[2005, p1983]"
"2","[2005, p1989]"
"10","[2005, p1990]"
"7","[2005], p1990]"
"14","[2005, p1991]"
"10","[2005, p1992]"
"2","[2005, p1996]"
"21","[2005, p1998]"
"2","[2005, p1999]"
"6","[2005, p2000]"
"4","[2005, p2002]"
"4","[2005, p2004]"
"21","[2005], p2004]"
"7","2005 (second printing)"
"36431","2006"
"48","[©2006]"
"458","[2006?]"
"2","[2006?]."
"51549","[2006]"
"4","[2006] ."
"22","[2006]."
"1225","©2006."
"203","℗2006."
"9","2006-"
"43710","2006."
"17","2006]"
"50","[2006, 1926]"
"41","2006, ©1957."
"27","[2006, 1958]"
"4","[2006, 1971]"
"6","2006, ©1976."
"31","[©2006], ℗1984."
"17","©2006, ℗1987."
"32","2006, 1987."
"6","℗2006, ℗1989."
"3","2006, ©1990."
"13","℗2006, ℗1991."
"26","2006, 1995."
"30","2006, 1996."
"18","[2006, 1997]"
"24","[2006], 1997."
"21","©2006, ©1997, ©1984."
"1","[2006, 1998]"
"3","2006, ©1999."
"24","2006, ©2000."
"30","2006, 2000."
"7","2006, ©2001."
"2","[2006], 2002."
"2","2006, ©2002."
"62","[2006], ©2004."
"112","2006, ©2004."
"8","[2006], ©2005."
"3","©2006. 2005."
"208","2006, ©2005."
"12","2006, 2005."
"65","[2006, 2007]"
"1","2006-<2007>"
"9","2006, ©2007."
"7","[2006, 2008]"
"8","2006, [2010]"
"3","2006 [ʻĀ.Me.]; i.e. 2013 or 2014."
"6","[2006, c1951]"
"4","[2006, c1982]"
"25","[2006, c1985]"
"1","2006, c1991."
"41","[2006, c1996]"
"31","2006, c2000."
"11","2006, c2001."
"2","[2006], c2005]"
"27","2006, c2005."
"6","[2006, c2006]"
"1","[2006 [distributed 2008]"
"1","2006 i.e. [2013 or 2014]."
"3","2006 [i.e., 2015]."
"2","[2006 or 2007]."
"7","[2006, p1950]"
"5","[2006, p1951]"
"2","[2006], p1971]"
"2","[2006], p1983]"
"21","[2006, p1985]"
"13","[2006, p1987]"
"15","[2006], p1990]"
"8","[2006, p1992]"
"2","[2006, p1994]"
"2","[2006, p1995]"
"38","[2006, p1997]"
"9","[2006], p1997]"
"4","[2006, p1998]"
"12","[2006, p2001]"
"1","[2006, p2002]"
"8","[2006], p2002]"
"9","[2006, p2004]"
"3","[2006, p2005]"
"18","[2006], p2005]"
"43964","2007"
"255","[2007?]"
"56208","[2007]"
"25","[2007]."
"21","©2007"
"1227","©2007."
"297","℗2007."
"23","2007-"
"43782","2007."
"5","[2007?, 1912?]"
"29","2007, ©1963."
"1","[2007, 1965]"
"15","℗2007, ©1968."
"2","[2007, [1969?]"
"29","[2007, 1973]"
"4","[2007, 1977]"
"4","[2007, 1981]"
"4","[2007], ℗1983."
"71","2007, 1984."
"9","[2007], ©1987."
"1","2007, 1988."
"30","[2007], ©1990."
"32","2007, ©1990."
"1","2007, 1994."
"4","2007, ©1995."
"3","©2007, ℗1997."
"42","2007, ©1997."
"32","[2007], ©1998."
"23","©2007, ℗1998."
"27","[2007], ©1999."
"118","[2007], 1999."
"39","[2007], ©2001."
"82","[2007], ©2003."
"12","2007, ©2003."
"13","[2007, 2004]"
"101","2007, ©2004."
"9","[2007, 2005]"
"16","[2007], 2005."
"66","2007, ©2005."
"8","[2007, 2006]"
"15","[2007], ©2006."
"21","©2007, ©2006."
"6","©2007, ℗2006."
"10","℗2007, ℗2006."
"258","2007, ©2006."
"15","2007, 2006."
"3","[2007, 2008]"
"1","2007,2009."
"5","2007, 2010."
"6","[2007, 2012]"
"1","2007 [2013 or 2014]."
"4","2007 [2014 or 2015]"
"27","[2007, c1953]"
"5","[2007, c1960]"
"9","[2007, c1971]"
"12","[2007, c1975]"
"2","2007, c1978."
"1","[2007, c1981]"
"50","[2007, c1987]"
"35","[2007, c1989]"
"33","2007, c1990."
"80","2007, c1991."
"20","[2007, c1996]"
"14","[2007, c1997]"
"17","[2007], c1998."
"4","[2007, c1999]"
"4","[2007, c2000]"
"6","[2007, c2001]"
"2","[2007, c2004]"
"11","[2007, c2005]"
"1","2007, c2005."
"3","[2007, c2006]"
"68","2007, c2006."
"18","[2007, c2011]"
"9","[2007, c2015]"
"1","2007 [i.e., 2014]."
"2","2007 [i.e., 2015]"
"5","2007 i.e. 2015"
"2","[2007, p1968]"
"15","[2007, p1969]"
"58","[2007, p1977]"
"29","[2007, p1978]"
"4","[2007, p1980]"
"5","[2007, p1981]"
"10","[2007, p1986]"
"6","[2007,p1993]"
"5","[2007, p1996]"
"62","[2007, p1997]"
"11","[2007, p1999]"
"5","[2007], p1999]"
"8","[2007, p2001]"
"5","[2007, p2002]"
"10","[2007, p2003]"
"12","[2007, p2006]"
"4","[2007], p2006]"
"88553","2008"
"62","[©2008]"
"468","[2008?]"
"272","[2008?]."
"3","[2008.]"
"62689","[2008]"
"68","[2008]."
"9","©2008"
"1619","©2008."
"367","℗2008."
"1","2008-"
"49469","2008."
"6","2008, 1925."
"48","[2008], ©1968."
"33","[2008], ℗1973."
"8","[2008, 1977]"
"18","[2008], 1980."
"17","2008, ©1985."
"9","2008, ©1986."
"9","[2008, 1987]"
"4","2008, ©1988."
"2","2008, 1988."
"1","[2008,] [1991]"
"10","[2008], 1991."
"4","2008, 1991."
"3","[2008, 1994]"
"1","2008, ©1995-2007."
"8","[2008, 1997]"
"16","[2008], ©1999."
"15","[2008, 2000]"
"4","2008, 2000."
"65","2008, ©2001."
"9","2008, ©2002."
"4","2008, ©2003."
"129","2008, 2003."
"26","©2008, ©2004."
"9","2008, 2004."
"10","2008, ©2005."
"5","2008, 2005."
"81","2008, ©2006."
"9","2008, 2006."
"16","[2008, 2007]"
"27","[2008], ©2007."
"5","[2008], ℗2007."
"232","2008, ©2007."
"10","2008, 2007."
"21","[2008], ©2008."
"17","[2008 ;] [2009]"
"1","[2008, 2009]"
"4","2008 [2009]"
"2","2008-2010."
"3","[2008, [2013]"
"4","[2008, c1936]"
"1","[2008, c1961]"
"10","2008, c1971."
"12","[2008?], c1975."
"3","[2008, c1981]"
"13","2008, c1991."
"37","2008, c1992."
"30","[2008, c1993]"
"2","[2008, c1994]"
"4","[2008, c1996]"
"14","[2008, c1999]"
"6","2008, c1999."
"4","[2008, c2000]"
"2","[2008], c2001."
"4","[2008], c2001]"
"8","2008, c2002."
"18","[2008, c2004]"
"1","[2008. c2004]"
"16","[2008, c2005]"
"8","[2008, c2006]"
"7","2008, c2006."
"5","[2008, c2007]"
"31","2008, c2007."
"2","[2008, c2009]"
"3","2008 [i.e., 2016]"
"2","2008 [i.e., 2018]."
"1","[2008], p1969]"
"3","[2008], p1973]"
"4","[2008, p1975]"
"2","[2008, p1976]"
"14","[2008, p1980]"
"7","[2008, p1981]"
"2","[2008, p1983]"
"15","[2008], p1986]"
"2","[2008, p1988]"
"2","[2008, p1990]"
"22","[2008], p1995]"
"6","[2008, p1996]"
"7","[2008, p2000]"
"4","[2008, p2003]"
"2","[2008, p2005]"
"13","[2008, p2006]"
"9","[2008], p2006]"
"37","[2008, p2007]"
"1","2008, pc2003."
"1","[2008 [that is, 2007]"
"29","[2008, [that is, 2007]"
"4","2008, [that is, 2007]"
"8","[2008 [that is, 2009]"
"119501","2009"
"58","[ 2009]"
"90","[©2009]"
"282","[2009?]"
"75084","[2009]"
"52","[2009]."
"10","©2009"
"1737","©2009."
"358","℗2009."
"1","2009-"
"1","2009?."
"54284","2009."
"74","[2009], ©1934."
"19","[2009, 1970]"
"98","[2009, 1981]"
"4","2009, 1981."
"70","[2009], ©1985."
"3","[2009, 1987]"
"19","[2009, 1995]"
"10","[2009], ©1995."
"23","[2009], ©1997."
"4","2009, ©1997."
"6","[2009], ℗1998."
"23","2009, ©1998."
"3","[2009], ©1999."
"24","2009, ©1999."
"6","2009, ©2001."
"30","[2009], 2002."
"5","[2009, 2003]"
"15","[2009], 2003."
"43","2009, ©2003."
"5","2009, 2004."
"3","[2009], ©2005."
"53","2009, ©2005."
"7","[2009], 2006."
"16","©2009, ©2006."
"18","2009, ©2006."
"2","[2009, 2007]"
"3","[2009], ©2007."
"103","2009, ©2007."
"58","[2009, 2008]"
"126","[2009], ©2008."
"27","2009, [2008]"
"267","2009, ©2008."
"7","2009, 2008."
"9","2009., ©2008."
"3","[2009, 2016]"
"13","2009, 2019."
"18","[2009, c1933]"
"12","[2009], c1967."
"3","[2009, c1981]"
"12","[2009, c1987]"
"20","[2009, c1997]"
"9","[2009, c1999]"
"23","2009, c1999."
"56","[2009, c2002]"
"2","[2009, c2005]"
"1","[2009, c2007]"
"4","2009, c2007."
"5","[2009, c2008]"
"36","[2009], c2008."
"88","2009, c2008."
"9","[2009, c2010]"
"12","2009 [i.e., 2017]."
"3","2009, [i.e. 2017]."
"18","[2009, p1974]"
"15","[2009, p1975]"
"16","[2009], p1975]"
"5","[2009, p1987]"
"3","[2009, p1989]"
"3","[2009], p1991]"
"80","[2009, p1992]"
"3","[2009, p1993]"
"1","[2009, p1996]"
"5","[2009], p1996]"
"2","[2009, p1997]"
"17","[2009, p1998]"
"6","[2009, p2003]"
"1","[2009, p2005]"
"3","[2009, p2007]"
"3","[2009, p2008]"
"1","[2009], p2008]"
"5","[2009, [that is, 2008]"
"14","2009, [that is, 2008]"
"2","[2009 [that is, 2010]"
"6","[201-?]"
"12","[201-?],"
"128847","2010"
"31","[©2010]"
"29","[©2010]."
"343","[2010?]"
"87682","[2010]"
"3","[2010]."
"1770","©2010."
"265","℗2010."
"2","2010-"
"1","2010,"
"76607","2010."
"3","2010, 1910."
"45","2010, ©1958."
"14","2010, ©1982."
"3","2010, 1983."
"118","[2010], ©1986."
"11","[2010], 1987."
"3","[2010], [1989]"
"1","2010, ©1989."
"68","2010, 1993."
"8","2010, ©1994."
"2","[2010], 1998."
"58","2010, ©1999."
"4","2010, ©2000."
"26","[2010, 2002]"
"1","2010, 2002."
"8","[2010], ℗2003."
"16","2010, [©2003]"
"102","2010, ©2004."
"18","[2010], ©2006."
"42","2010, ©2007."
"51","[2010], 2008."
"61","2010, ©2008."
"1","2010, 2008."
"5","[2010, 2009]"
"60","[2010], ©2009."
"367","2010, ©2009."
"15","2010, 2009."
"66","[2010], ©2010."
"4","2010, ©2010."
"1","[2010, 2011]"
"1","2010, 2011"
"43","[2010 ;] [2012]"
"5","[2010, c1966]"
"9","[2010, c1968]"
"8","[2010], c1970."
"2","[2010, c1978]"
"17","[2010, c1982]"
"4","[2010, c1988]"
"11","2010, c1988."
"1","[2010, c1991]"
"1","[2010, c1997]"
"2","[2010, c2002]"
"14","[2010, c2003]"
"18","2010, c2003."
"1","[2010, c2004]"
"8","2010, c2004."
"5","2010, c2005."
"1","2010, c2006."
"2","[2010, c2007]"
"2","[2010, c2008]"
"31","2010, c2008."
"2","[2010, c2009]"
"12","[2010], c2009."
"57","2010, c2009."
"11","[2010, c2012]"
"4","[2010, p1975]"
"4","[2010, p1988]"
"2","[2010, p1989]"
"8","[2010, p1990]"
"20","[2010, p1992]"
"5","[2010, p1997]"
"5","[2010, p1999]"
"5","[2010, p2001]"
"1","[2010], p2001]"
"89","[2010, p2002]"
"39","[2010, p2003]"
"12","[2010, p2005]"
"16","[2010, p2006]"
"17","[2010, p2008]"
"1","[2010], p2008]"
"2","[2010, p2009]"
"38","2010, [that is, 2009]"
"218023","2011"
"2","[©2011]"
"11","[2011 +]"
"373","[2011?]"
"2","[2011?]."
"87027","[2011]"
"73","[2011]."
"1685","©2011."
"265","℗2011."
"3","2011-"
"73","2011,"
"14","2011/."
"88237","2011."
"1","2011]"
"40","2011, ©1946."
"7","2011, ©1957."
"61","2011, ©1963."
"7","[2011, [1970]"
"2","2011, ©1980."
"6","2011, ©1987."
"46","[2011], ©1988."
"16","[2011, 1991]"
"27","[2011], ©1993."
"2","©2011, ℗1994."
"23","2011, ©1996."
"7","2011, ©1997."
"12","[2011], [1998]"
"22","2011, ©1999."
"17","[2011], ©2000."
"29","2011, ©2000."
"5","2011, 2000."
"17","[2011], ℗2001."
"8","2011, ©2002."
"5","[2011, 2003]"
"4","2011, [2003]"
"56","2011, ©2003."
"4","[2011], 2005."
"6","2011, ©2005."
"32","[2011], ℗2006."
"1","2011, ©2006."
"10","[2011], 2007."
"38","2011, ©2007."
"1","[2011], ©2008."
"28","2011, ©2008."
"1","[2011, [2009]"
"7","[2011], ©2009."
"3","[2011], 2009."
"5","©2011, ℗2009."
"28","2011, ©2009."
"10","2011, 2009."
"16","[©2011], ©2010."
"19","[2011, 2010]"
"125","[2011], ©2010."
"199","2011, ©2010."
"116","2011, 2010."
"14","2011,© 2010."
"4","[2011], ℗2010, ©2011."
"13","[2011], ©2011."
"244","©2011, 2014."
"24","[2011] :. [2015]"
"40","2011, c1936."
"2","[2011, c1967]"
"26","[2011, c1975]"
"31","[2011, c1985]"
"2","[2011], c1986."
"1","[2011, c2003]"
"4","[2011, c2004]"
"3","[2011], c2004."
"25","2011, c2005."
"2","[2011, c2006]"
"7","[2011, c2007]"
"17","[2011, c2008]"
"2","[2011], c2009]"
"8","2011, c2009."
"31","[2011, c2010]"
"12","[2011], c2010."
"12","2011, c2010."
"20","[2011, c2012]"
"7","[2011], p1967]"
"3","[2011], p1976]"
"22","[2011, p1979]"
"11","[2011, p1981]"
"7","[2011, p1988]"
"11","[2011], p1989]"
"7","[2011], p1991]"
"2","[2011, [p1992]"
"28","[2011, p1992]"
"12","[2011, p1993]"
"3","[2011], p1997]"
"1","[2011, p1998]"
"5","[2011], p2001]"
"12","[2011, p2002]"
"53","[2011, p2004, 2003]"
"52","[2011, p2005]"
"1","[2011], p2007]"
"24","[2011, p2008]"
"3","[2011, p2009]"
"15","[2011], p2009]"
"35","[2011, p2010]"
"9","[2011], p2010]"
"168961","2012"
"2","[©2012.]"
"5","[©2012]"
"10","[2012 +]"
"549","[2012?]"
"25","[2012?]."
"109285","[2012]"
"19","[2012],"
"66","[2012]."
"23","©2012"
"1772","©2012."
"222","℗2012."
"105","2012,"
"96721","2012."
"3","2012]"
"6","2012, 1962."
"11","2012, 1966."
"11","2012, ©1983."
"49","2012, ©1986."
"29","2012, ©1990."
"4","[2012], ©1994."
"42","2012, ©1994."
"13","[2012], ℗1995."
"3","©2012, ℗1995."
"24","2012, ©1996."
"27","2012, ©1997."
"4","[2012], ℗1998."
"10","2012, ©1998."
"34","2012, ©1999."
"1","[2012, 2000]"
"9","[2012], ©2000."
"56","2012, ©2000."
"8","[2012, 2001]"
"19","2012, ©2001."
"12","[2012], ©2002."
"7","2012, ©2003."
"16","2012, ©2004."
"9","[2012], 2005."
"10","2012, 2006."
"10","2012, ©2007."
"10","2012, ©2008."
"10","2012, 2008."
"8","[2012], 2009."
"12","[2012, [2010]"
"66","2012, ©2010."
"15","2012, 2010."
"17","[2012], ©2011."
"20","[2012], 2011."
"6","©2012, ©2011."
"134","2012, ©2011."
"3","2012, 2011."
"17","2012 ; [2012]"
"3","[2012, 2013]"
"2","[2012], ©2013."
"5","[2012, 2015]"
"15","©2012-2016."
"41","[2012, c1955]"
"2","2012, c1968."
"16","[2012, c1983]"
"92","[2012, c1985]"
"1","2012, c1986."
"1","[2012, c2004]"
"3","[2012, c2006]"
"2","[2012, c2009]"
"1","[2012], c2009."
"7","[2012, c2011]"
"224","2012, c2011."
"18","[2012], c2012."
"11","[2012, c2013]"
"84","[2012, i.e. 2011]"
"9","2012 London Toronto Sydney."
"10","[2012, p1972]"
"20","[2012], p1975]"
"1","[2012], p1979]"
"9","[2012, p1981]"
"9","[2012], p1981]"
"7","[2012], p1984]"
"8","[2012], p1987]"
"6","[2012, p1989]"
"12","[2012], p1989]"
"1","[2012], p1991]"
"16","[2012], p1992]"
"3","[2012, p1994]"
"6","[2012], p1994]"
"3","[2012, p1996]"
"11","[2012], p1997]"
"24","[2012, p2000]"
"10","[2012, p2005]"
"7","[2012, p2006]"
"78","[2012, p2007]"
"7","[2012, p2008]"
"31","[2012, p2010]"
"13","[2012], p2010]"
"34","[2012, p2011]"
"1","[2012], p2011]"
"283494","2013"
"2","[[2013]"
"18","[©2013]"
"12632","[2013-]."
"2519","[2013?]"
"14","[2013?]."
"5","[2013[]"
"134624","[2013]"
"129","[2013]-"
"26","[2013],"
"1479","[2013]."
"185","©2013"
"5","© 2013."
"1807","©2013."
"301","℗2013."
"99975","2013."
"3","2013.."
"5","2013]"
"15","[2013, 1967]"
"3","2013, ©1967."
"6","℗2013, ©1973."
"3","2013, 1977."
"11","[2013, 1986]"
"4","2013, 1991."
"3","2013, ©1994."
"7","[2013], ℗1996."
"11","2013, ©1996."
"3","2013, ©1998."
"41","[2013]. 1999."
"12","2013, ©1999."
"24","[2013, 2000?]"
"31","[2013, 2001]"
"11","2013, ©2001."
"21","2013, 2002."
"35","2013, ©2004."
"10","[2013], ©2005."
"14","[2013], ©2006."
"9","[2013], ©2007."
"15","[2013], ©2008."
"15","2013, ©2008."
"154","2013, 2008."
"6","[2013], ©2010."
"14","[2013], 2010."
"21","[2013]-2011."
"5","[2013], ©2011."
"5","[2013], 2011."
"1","[2013, 2012]"
"32","[2013], ©2012."
"83","[2013], 2012."
"350","2013, ©2012."
"42","2013, 2012."
"1","[2013], ©2013"
"249","[2013], ©2013."
"5","[2013, 2014]"
"2","2013, 2014."
"4","©2013, 2017"
"5","[2013], 2018."
"15","2013, c1930."
"1","2013, c1959."
"2","[2013], c1967."
"5","[2013], c1985."
"2","2013, c1986."
"26","2013, c1992."
"1","2013, c1993."
"11","[2013], c1999."
"4","[2013], c2000."
"11","2013, c2000."
"5","2013, c2001."
"16","[2013], c2004."
"2","2013, c2007."
"5","[2013], c2008."
"76","[2013], c2010."
"14","2013, c2010."
"1","[2013, c2011]"
"1","[2013], c2011."
"31","2013, c2011."
"2","[2013, c2012]"
"44","[2013], c2012."
"108","2013, c2012."
"67","[2013], c2013."
"30","[2013, [c2014]"
"4","[2013, c2014]"
"8","[2013], c2014."
"21","[2013], p1969]"
"7","[2013, p1974]"
"11","[2013], p1982]"
"14","[2013, p1983]"
"5","[2013], p1987]"
"15","[2013, p1997]"
"2","[2013, p1998]"
"12","[2013, p1999]"
"4","[2013, p2001]"
"8","[2013, p2010]"
"11","[2013, p2011]"
"4","[2013], p2011]"
"47","[2013, p2012]"
"13","[2013], p2012]"
"9","[2013, [that is, 2012]"
"258561","2014"
"8","[ 2014?]"
"47","[©2014]"
"3211","[2014?]"
"53","[2014.]"
"164543","[2014]"
"3265","[2014]."
"1190","©2014"
"1171","©2014."
"1","℗2014"
"240","℗2014."
"7","2014,"
"33","2014?]."
"102726","2014."
"9","2014]"
"25","[2014], ℗1973."
"4","©2014, ℗1973."
"13","[2014], ©1974."
"1","2014, ©1974."
"20","©2014, ℗1978."
"17","[2014, 1991]"
"17","[2014], ℗1993."
"5","2014, ©1997."
"22","[2014], ©1998."
"4","[2014], 2000."
"38","[2014], 2002."
"1","[2014], ©2004."
"2","2014, ©2004."
"3","[2014], ©2006."
"7","[2014], ℗2007."
"14","[2014], 2008."
"4","2014, ©2010."
"30","2014, ©2011."
"23","[2014], 2012."
"14","2014, ©2012."
"5","2014,[2012]"
"10","[2014, [2013]"
"3","[2014], ©2013."
"92","[2014], 2013."
"119","2014, ©2013."
"1","2014, 2013."
"13","℗2014, ©2014"
"11","2014-2015."
"5","2014, 2016."
"2","[2014], c1908."
"4","[2014, c1972]"
"10","[2014, c1973]"
"4","2014, c1977."
"6","[2014], c1984."
"5","2014, c1990."
"5","2014, c1994."
"27","[2014], c1998."
"3","[2014], c2001."
"69","[2014], c2002."
"5","[2014, c2003]"
"13","2014, c2003."
"7","[2014], c2004."
"2","2014, c2004."
"11","[2014], c2006."
"2","2014, c2006."
"4","2014, c2008."
"24","[2014], c2009"
"8","[2014], c2009."
"24","2014, c2009."
"62","2014, c2010."
"17","[2014], c2011."
"9","2014, c2011."
"1","[2014?], c2012."
"58","[2014], c2012."
"65","2014, c2012."
"235","[2014], c2013."
"6","2014, c2013"
"4","2014, [c2013]"
"155","2014, c2013."
"7","[2014], c2014."
"2","2014, ćop. 2014."
"8","[2014, p1983]"
"5","[2014], p1999."
"27","[2014, p2013]"
"25","[2014], p2013"
"1","[2014], p2013."
"21","[2014], p2013]"
"261433","2015"
"99","[ 2015]"
"925","[2015?]"
"11","[2015?]."
"204989","[2015]"
"1","[2015]-"
"48","[2015],"
"2791","[2015]."
"9","[2015]]"
"147","©2015"
"7","© 2015"
"17","© 2015."
"12","©[2015]"
"1193","©2015."
"13","℗2015"
"214","℗2015."
"18","2015 ."
"4","2015-"
"133346","2015."
"47","2015]"
"7","2015]."
"3","[20151]"
"28","[2015], ©1985."
"12","©2015, ℗1987."
"5","[2015?], 2004."
"1","2015 :. 2004."
"26","2015, ©2004."
"3","2015, ©2006."
"6","2015, ©2007."
"19","[2015], ℗2009."
"8","2015, ©2009."
"7","2015, [2011]."
"16","[2015], ©2014."
"6","[2015], ℗2014."
"5","[2015], 2014."
"4","2015, ©2014."
"57","© 2015-2016"
"21","©2015, ©2016"
"8","2015, 2016."
"8","[2015], c1979."
"6","[2015], c1984."
"11","2015, c1985."
"9","2015, c1989."
"90","[2015], c2001."
"5","2015, c2001."
"6","2015, c2003."
"14","[2015], c2005."
"12","2015, c2005."
"1","2015, c2006."
"12","2015, c2007."
"2","[2015], c2008."
"10","[2015], c2010"
"1","2015, c2011."
"11","[2015?], c2012."
"48","[2015], c2012."
"2","2015, c2012."
"124","[2015], c2013."
"5","2015, c2013."
"44","[2015], c2014"
"428","[2015], c2014."
"205","2015, c2014."
"69","2015 [distribution]"
"22","[2015, p1975]"
"14","[2015, p1991]"
"3","[2015, p2014]"
"22","[2015], p2014."
"1","[2015], p2014]"
"289494","2016"
"2","[ 2016]"
"250","[2016?]"
"8","[2016.]"
"277405","[2016]"
"4120","[2016]."
"219","©2016"
"3","© 2016"
"905","©2016."
"2","℗2016"
"226","℗2016."
"8","2016 ."
"9","2016-"
"5","2016,"
"177551","2016."
"37","2016]"
"14","[2016, 1966]"
"26","℗©2016, 1983."
"10","[2016], 1993."
"5","[2016], ©1997."
"13","2016, ©1998."
"26","2016, 2002."
"8","[2016], ©2005"
"23","[2016?], ©2006."
"12","[2016], 2006."
"45","2016, ©2011."
"37","[2016], 2014."
"30","[2016], 2015."
"3","©2016, ©2015"
"3","2016, ©2015."
"5","[2016], ©2016."
"10","℗2016, ©2016"
"2","[2016-2017?]"
"23","[2016], c1986."
"26","[2016], c1992."
"29","2016, c1992."
"6","[2016], c1995."
"29","2016, c1997."
"14","[2016?], c2000."
"20","2016, c2000."
"4","2016, c2002."
"6","2016, c2003."
"37","2016, c2004."
"24","2016, c2005."
"43","[2016], c2006."
"29","2016, c2009."
"23","[2016], c2011."
"36","2016, c2011."
"14","[2016], c2013."
"22","2016, c2013."
"80","[2016], c2014."
"53","2016, c2014."
"133","[2016], c2015."
"2","2016, [c2015]"
"155","2016, c2015."
"2","[2016, c2016]"
"2","2016 nian 2 yue."
"423916","2017"
"2","`2017."
"468","[2017?]"
"4","[2017.]"
"408111","[2017]"
"4799","[2017]."
"420","©2017"
"180","© 2017"
"12","©2017-"
"2195","©2017."
"422","℗2017."
"57","2[017]"
"236952","2017."
"1","2017.03."
"103","2017, ©1999."
"18","[2017], ©2002."
"21","℗2017, 2003."
"34","[2017?], ©2005."
"3","[2017], ©2006."
"2","2017, ©2012."
"31","[2017], 2015."
"10","[2017], ℗2016."
"7","2017, ©2016."
"2","2017, 2016."
"2","2017. 2017."
"4","2017.5."
"4","2017, c005."
"103","2017, c1968."
"52","2017, c1976."
"6","2017, c1997."
"6","[2017], c2000."
"8","2017, c2004."
"10","2017, c2005."
"44","2017, c2006."
"9","[2017, c2007]"
"6","2017, c2008."
"34","2017, c2009."
"9","2017, c2010."
"26","[2017], c2011."
"3","2017, c2012."
"7","[2017], c2013"
"43","[2017], c2013."
"52","[2017], c2015."
"9","2017, c2015"
"23","2017, c2015."
"104","[2017], c2016."
"17","2017, [c2016]"
"31","2017, c2016."
"2","[2017], c2018."
"609841","2018"
"308","[ 2018]"
"4","[©2018]"
"446","[2018?]"
"73","[2018."
"17","[2018.]"
"698485","[2018]"
"2959","[2018]."
"1105","©2018"
"91","© 2018"
"1140","©2018."
"29","®2018."
"64","℗2018"
"412","℗2018."
"16","2018-"
"9","2018?]"
"362366","2018."
"40","2018]"
"71","©2018, ©1959"
"28","©2018, ℗1973."
"19","[2018], ©1992."
"7","2018, ©2003."
"32","2018, ©2006."
"12","2018, ©2010."
"5","[2018], ©2012."
"216","[2018], ©2013."
"4","2018, ©2013."
"8","[2018], ©2014"
"6","2018, ©2014."
"23","[2018], ©2017."
"36","[2018], 2017."
"83","2018, ©2017."
"10","2018, c2005."
"18","[2018], c2008."
"2","2018, c2008."
"20","2018, c2010."
"30","[2018], c2014."
"6","2018, c2015."
"125","[2018], c2016."
"80","2018, c2016."
"10","[2018], c2017"
"243","[2018], c2017."
"615","2018, c2017."
"458340","2019"
"5","[ 2019?]"
"4","[ 2019]"
"178","[2019 ]"
"64","[2019?]"
"142","[2019.]"
"570408","[2019]"
"4","[2019]`"
"2644","[2019]."
"325","©2019"
"1","© 2019"
"284","©2019."
"43","℗2019."
"12","2019,"
"10","2019?]"
"371377","2019."
"35","20190219"
"15","[2019]1"
"7","2019, ©2013."
"4","[2019], 2016."
"57","[2019], ©2017."
"577","2019, ©2017."
"427","[2019], ©2018."
"175","©2019, [2018]"
"10","©2019, 2018."
"55","2019, ©2018."
"2","[2019], ©2020."
"31","2019, c1974."
"5","2019, c2006."
"4","[2019], c2015."
"10","2019, c2015."
"3","2019, c2016."
"44","[2019], c2017."
"1","2019, c2017."
"138","[2019], c2018."
"40","2019, [c2018]"
"161","2019, c2018."
"4","2020"
"1166","[2020]"
"14","©2020."
"564","2020."
"2","[2020], ©2020."
"2","[20xx]"
"4","21 cm."
"1","24 cm."
"6","4 3/4 in."
"6","[994?]"
"1","AAFS L1."
"9","abril de 2018."
"1","a Cengage Company, 2017."
"2","agosto de 2013."
"2","AM & Shawn Lee. [2015]"
"19","Andrews McMeel Publishing, [2019]"
"1","April 2018."
"1","aprile 2016."
"3","aprile 2017."
"1","avril 2017."
"1","avril 2018."
"4","[between 1800-1899?]"
"2","[between 1800-1899]"
"2","[between 1840-1849?]"
"6","[between 1880-1889?]"
"1","[between 1880-1889]"
"2","[between 1890-1899?]"
"3","[between 1900-1909?]"
"51","[between 1900-1999?]"
"104","[between 1900-1999]"
"1","[between 1900-1999],"
"2","[between 1900-1999]."
"1","[between 1900 and 1999?]"
"1","[between 1900 and 1999]"
"5","[between 1910-1919?]"
"2","[between 1910-1919]"
"3","[between 1920-1929?]"
"1","[between 1920-1929]"
"3","[between 1930-1939?]"
"5","[between 1940-1949?]"
"1","[between 1940-1949?], c1907."
"17","[between 1950-1959?]"
"1","[between 1950-1959?]-"
"1","[between 1950-1959?]."
"2","[between 1950-1959]"
"2","[between 1950-1959?], c1920."
"1","[between 1950 and 1976]"
"16","[between 1960-1969?]"
"6","[between 1960-1969]"
"32","[between 1970-1979?]"
"6","[between 1970-1979]"
"2","[between 1970-1979]-1975."
"2","[between 1970-1979?], c1893."
"1","[between 1970-1979?], c1931."
"1","[between 1970-1979?], c1945."
"2","[between 1970-1979?], c1964."
"1","[between 1978 and 1985]"
"484","[between 1980-1989?]"
"1","[between 1980-1989?]-"
"4","[between 1980-1989?]."
"176","[between 1980-1989]"
"1","[between 1980-1989]."
"13","[between 1980-1989?], ℗1977."
"2","[between 1980-1989?], c1892."
"3","[between 1980-1989?], c1913."
"1","[between 1980-1989?], c1930."
"1","[between 1980-1989], c1930."
"2","[between 1980-1989?], c1933."
"1","[between 1980-1989?], c1938."
"1","[between 1980-1989], c1939."
"3","[between 1980-1989?], c1940."
"1","[between 1980-1989?], c1944."
"2","[between 1980-1989?], c1946."
"2","[between 1980-1989?], c1947."
"1","[between 1980-1989?], c1948."
"2","[between 1980-1989?], c1949."
"1","[between 1980-1989?], c1952."
"3","[between 1980-1989?], c1953."
"1","[between 1980-1989?], c1955."
"1","[between 1980-1989?], c1956."
"3","[between 1980-1989?], c1957."
"4","[between 1980-1989?], c1960."
"1","[between 1980-1989?], c1961."
"3","[between 1980-1989?], c1967."
"2","[between 1980-1989?], c1968."
"1","[between 1980-1989?], c1969."
"2","[between 1980-1989], c1971."
"4","[between 1980-1989?], c1974."
"4","[between 1980-1989?], c1975."
"2","[between 1980-1989?], c1976."
"3","[between 1980-1989?], c1977."
"1","[between 1980-1989], c1978."
"1","[between 1980-1989], p1951."
"4","[between 1980-1989], p1954."
"2","[between 1980-1989?], p1973."
"24","[between 1980-1989?], p1974."
"8","[between 1980-1989?], p1975."
"64","[between 1980-1989], p1978."
"42","[between 1980 and 1986]"
"9","[between 1983 and 1991]"
"28","[between 1983 and 1992], p1973."
"2","[between 1989 and 2005]"
"816","[between 1990-1999?]"
"5","[between 1990-1999?]."
"99","[between 1990-1999]"
"1","[between 1990-1999], ©1929."
"1","[between 1990-1999?], c1940."
"1","[between 1990-1999], c1943."
"1","[between 1990-1999?], c1959."
"2","[between 1990-1999?], c1965."
"85","[between 1990-1999], c1966."
"22","[between 1990-1999?], p1968."
"6","[between 1990-1999?], p1972."
"38","[between 1990-1999?], p1974."
"6","[between 1990-1999?], p1976."
"23","[between 1990-1999?], p1982."
"19","[between 1990-1999?], p1983."
"12","[between 1990 and 1995]"
"6","[between 1991 and 1993]"
"3","[between 1993 and 2004]."
"96","[between 1994 and 2002]"
"392","[between 2000-2009?]"
"41","[between 2000-2009]"
"2","[between 2000-2009?], ©1962."
"2","[between 2000-2009?], ©1973."
"1","[between 2000-2009?], c1957."
"3","[between 2000 and 2006]"
"2","[between 2000 and 2009?]"
"2","[between 2000 and 2010]."
"9","[between 2006 and 2013], c2004."
"23","[between 2010-2019?]"
"81","Burbank, CA :. [2004]"
"24","c."
"9","c016."
"1","c1882-1884."
"2","[c19--]"
"2","c1906-1909."
"2","c1910--1913."
"1","[c1914-c1916]"
"1","c1916-"
"1","c1918-1923."
"1","[c192-?]"
"1","c1923."
"3","[c1924-1930]"
"2","c1928-1930."
"1","c1935-1937."
"2","[c1937- ]"
"1","c1937-"
"3","c1939-41."
"2","c1940-67."
"2","c1942-"
"1",", c1948"
"1","c1948-<c1966 >"
"1","c1949-"
"6","c1952-"
"1","c1952-[1960]"
"3","c1952-1977."
"2","[c1953-1962]"
"1","c1953-c1966."
"2","c1954-c1957."
"7","c1955-1976."
"1","c1957."
"2","[c1957-1958]"
"2","c1958-1959."
"1","[c1958-60-]"
"9","[c1959-65]"
"2","c1963-"
"2","c1964-1970."
"3","[c1964-66]"
"1","[c.1965]"
"1","[c1966-1972]"
"2","[c1966-1979]"
"1","c1967-c1987."
"2","c1969-"
"1","[c1970-]"
"1","[c1970-1976]"
"19","c1972-"
"1","c1972-<c1983 >"
"2","c1972-<c1986 >"
"1","[c1973-]"
"1","c1973-"
"47","c1973."
"2","c1974-"
"35","c1974."
"1","c1974-c1975."
"3","c1974-c1987."
"3","c1975-1980."
"3","c1976-"
"4","c1977-"
"2","c1977-<c1987 >"
"1","c1977-<c1990 >"
"7","<c1978- >"
"4","c1978-c1985."
"1","c1978-c1986."
"1","[c1979?]"
"1","c1979-"
"8","c1979-1980."
"2","c1979-c1982."
"3","c1979-c1990."
"3","c1980-"
"1","c1980-1997."
"4","c1980-c1984."
"2","c1980-<c1985>"
"3","c1981-"
"1","c1981-1982."
"1","c1981-2010."
"1","c1981-<c1983>"
"1","c1981-c1984."
"7","c1981-c1990."
"1","c1981-c1991."
"22","c1982-"
"1","c1982."
"1","<c1983- >"
"4","c1983-"
"1","c1983."
"2","c1983-c1984."
"5","c1983-<c1988 >"
"2","c1983-<c1991 >"
"21","c1984-"
"1","c1984-1986."
"1","c1984-c1986."
"1","<c1984-c1987 >"
"27","c1985-"
"1","c1985-<c1987 >"
"1","c1985-<c1988 >"
"2","c1985-<c1990 >"
"10","c1986-"
"2","c1986-<1990>"
"3","c1986-c1988."
"5","c1987-"
"3","[c1987-1991]"
"1","c1987-c1992."
"1","<c1987-c1996 >"
"91","c1988-"
"3","c1988-1992."
"1","c1988-89."
"3","c1988-c1997."
"64","c1989-"
"8","c1989."
"3","c1989-<1995>"
"1","c1989-<c1994 >"
"1","c1989-c1995."
"4","c1990-"
"3","c1990."
"5","c1990-2009."
"18","c1991-"
"6","c1991."
"1","c1991-c1992."
"7","c1991-<c1992-c1999 >"
"1","c1991-c1993."
"2","c1991-<c1998 >"
"1","[c1992-]"
"4","c1992-"
"5","c1992."
"1","c1992-<c1996 >"
"4","c1992-<c2007>"
"1","c1992-c2009."
"12","c1993-"
"11","c1993."
"1","c1993-c1994."
"1","c1993-<c1998>."
"6","c1994-"
"12","c1994."
"2","c1994-<c1995 >"
"3","c1994-<c1997 >"
"6",",c1995"
"24","c1995-"
"17","c1995."
"1","c1995-2013."
"1","c1995-<c1996>"
"4","c1995-c1998."
"22","c1996-"
"26","c1996."
"1","c [1997]"
"15","c1997-"
"13","c1997."
"5","c1997-1999."
"10","c1998-"
"4","c1998-1999."
"23","c1998, 2015."
"1","c1998-c1999."
"4","<c1999- >"
"30","c1999-"
"7","c1999."
"8","[c200-]"
"636","c2000-"
"120","c2000."
"6","c2000, 2008."
"33","c2001-"
"1","c2001."
"24","c2002-"
"18","c2002."
"16","c2002, 2012"
"1","c. 2003."
"20","c[2003]"
"14","c2003-"
"143","c2003."
"18","c[2003], 1989."
"26","c2004-"
"28","c2004."
"1","c2004, 2005."
"1","c2004-[2007]"
"1","c 2005-"
"9","c2005-"
"315","c2005."
"42","[c2006]."
"8","c[2006]"
"17","c2006-"
"27","c2006."
"4","[c2006], 2001."
"1","c2006-c2007."
"88","c[2007?]"
"218","c2007."
"1","c2007, 2008."
"2","c2008-"
"17","c2008."
"58","c[2009]"
"12","c2009-"
"151","c2009."
"5","c2009-c2010."
"5","[c200u?]."
"26","c2010-"
"258","c2010."
"2","[c2011]."
"6","c[2011]"
"4","c2011-"
"88","c2011."
"2","c2011, 2012."
"3","c[2012]"
"6","c2012-"
"330","c2012."
"4","c2012, 2013."
"111","c2013"
"2","[c2013]"
"74","[c2013]."
"26","c[2013]"
"3463","c2013."
"3","[c2013], p2011."
"61","c2014"
"6","[c2014]"
"18","c 2014."
"9516","c2014."
"1","c2014, 2015"
"74","c2015"
"14201","c2015."
"14","c2015, [2014]"
"38","c2016"
"5","[c2016]"
"9","[c2016]."
"13575","c2016."
"7","C2016."
"23","c2017"
"6","c 2017."
"16517","c2017."
"4","c 2018."
"4490","c2018."
"464","c2019."
"4","California / [2015]"
"9","[CA Red Seal :] [2003]"
"1","c[between 1900-1999]"
"1","C.F. Peters,"
"4","Childrens books. [2000]"
"26","cp1989."
"44","cp1991."
"5","cp1993."
"5","cp1995."
"14","cp1996."
"5","cp1996, 2002."
"3","cp1997."
"160","cp1998."
"6","cp1999."
"281","cp2001."
"149","cp2002."
"15","cp2003."
"1","cp2004."
"4","cp2005."
"47","cp2006."
"31","cp2007."
"2","cp2007, [1969?]"
"7","c&p 2008."
"45","cp2008."
"2","c&p 2009."
"13","cp2009."
"24","cp2010."
"20","cp2011."
"37","cp2012."
"4","c&p 2013."
"33","cp2013."
"8","cp2014."
"3","cp2015."
"102","Culver City, Calif. : [2013]"
"96","[date of publication not identified]"
"33","[Date of publication not identified]"
"6","Distributed by Warner Home Video. [2009]"
"8","DL 2007."
"2","D.L. 2010."
"14","D.L. 2013."
"13","D.L. 2014."
"8","D.L. 2015."
"3","DL 2015, cop. 2015."
"3","D.L. 2016."
"3","DL 2016."
"5","DL 2016, cop. 2016."
"1","DL 2018."
"3","Emerald Publishing. 2019."
"1","[etc., etc]"
"1","febbraio 2017."
"3","febbraio 2018."
"11","febrero 2009."
"53","February 2019."
"1","[foreword 1975]"
"1","Franklin, TN :. [2010]"
"1","Garnet Pub.. [1996]"
"2","gennaio 2016."
"4","gennaio 2017."
"3","gennaio 2018."
"13","Georgia [2017]"
"43","Groundwood Books. 2009."
"3","Ḥamlé 2001"
"18","HarperCollins. 2014."
"5","Heisei 10 [1998]"
"3","Heisei 11 [1999]"
"1","Heisei 1 [1989]"
"9","Heisei 12 [2000]"
"9","Heisei 13 [2001]"
"5","Heisei 14 [2002]"
"18","Heisei 15 [2003]"
"5","Heisei 16 [2004]"
"6","Heisei 17 [2005]"
"13","Heisei 18 [2006]"
"1","[Heisei 18 i.e. 2006]"
"2","Heisei 19 [2007]"
"4","Heisei 20 [2008]"
"4","Heisei 20 [2011]"
"8","Heisei 21 [2009]"
"2","Heisei 2 [1990]"
"21","Heisei 22 [2010]"
"8","Heisei 23 [2011]"
"4","Heisei 24 [2012]"
"18","Heisei 25 [2013]"
"23","Heisei 26 [2014]"
"5","Heisei 26 [2014]."
"3","Heisei 28 [2016]"
"1","Heisei 29 [2017]"
"8","Heisei 29 [2017]."
"12","Heisei 30 [2018]."
"3","Heisei 4 [1992]"
"2","Heisei 5 [1993]"
"2","Heisei 6 [1994]"
"1","Heisei 7 [1995]"
"2","Heisei 8 [1996]"
"6","Heisei 9 [1997]"
"3","Inc., 2013."
"4","Inc. [2015]"
"1","[introd. 1925]"
"4","janvier 2018."
"1","janvier 2019."
"1","Juillet 2018."
"11","juin 2018."
"2","July 2018."
"4","June 2013."
"19","June 2014."
"1","junio 2016."
"1","Junio, 2016."
"1","junio de 2017."
"1","[l964]"
"1","luglio 2018."
"3","maggio 2017."
"7","mai 2018."
"1","März 2015."
"1","März 2017."
"2","März 2018"
"2","März 2018."
"6","marzo 2017."
"4","marzo 2018."
"1","marzo de 2019."
"1","Maskaram 2007 ʻĀ.Me. [September 2014]"
"3","mayo de 2016."
"1","Minguo 100 [2011]"
"7","[Minguo] 102 [2013]"
"1","/[Minguo] 103 [2014]"
"2","[Minguo] 104 [2015]"
"8","Minguo 106 [2017]."
"1","Min guo 63 [1974]"
"2","Min guo 64 [1975]"
"1","min guo 65 [1976]"
"1","min guo 68 [1979]"
"2","Min guo 68 [1979]"
"3","min guo 68-70 [1979-1981]"
"1","min guo 69 [1980]"
"3","min guo 71 [1982]"
"7","min guo 72 [1983]"
"1","Min guo 72 [1983]"
"2","min guo 72 [1984]"
"3","min guo 73 [1984]"
"1","min guo 74 [1985]"
"3","min guo 75 [1986]"
"2","Min guo 75 [1986]"
"1","min guo 76 [1987]"
"6","min guo 77 [1988]"
"3","Min guo 77 [1988]"
"3","min guo 78 [1989]"
"1","[Min guo] 78 [1989]"
"11","Min guo 78 [1989]"
"4","Min guo, 78 [1989]"
"1","[min guo] 79 [1990]"
"3","min guo 79 [1990]"
"10","Min guo 79 [1990]"
"1","min guo 80 [1991]"
"10","Min guo 80 [1991]"
"1","[min guo 81 [1992]"
"3","min guo 81 [1992]"
"3","Min guo 81 [1992]"
"2","Minguo 81 1992."
"1","Min guo 81 [1993]"
"2","min guo 82 [1991]"
"2","min guo 82 [1993]"
"2","Min guo 82 [1993]"
"1","Minguo 82 [1993]"
"3","min guo 83 [1994]"
"4","Min guo 83 [1994]"
"5","min guo 84 [1995]"
"1","[min guo] 85 [1996]"
"2","min guo 85 [1996]"
"1","Min guo 85 [1996]"
"1","min guo 86 [1997]"
"1","min guo 88 [1999]"
"2","Minguo 89 [2000]"
"3","Min guo 90 [2001]"
"1","Minguo 91 [2002]"
"2","[Minguo]93 [2004]"
"1","[Minguo] 95 [2006]"
"2","Minguo 95 [2006]"
"2","[Minguo] 97 [2008]"
"2","Minguo97 [2008]"
"2","[Minguo] 98 [2009]"
"2","Minguo 98 [2009]"
"2","min kuo 70 [1981]"
"1","min kuo84 [1995]"
"5","Miyāzyā 2005 [April 2013]"
"1","Naval Historical Center, Dept. of the Navy :. 1993."
"1","[n.d]"
"1","New York :. 2002."
"6","New York : [2017]"
"4","Nimbal Publishing, LLC, [2016]"
"33","[not before 2015]"
"6","November 2013."
"34","November 2014."
"1","novembre 2016."
"1","Novembre 2017."
"1","novembre 2018."
"2","noviembre de 2015."
"10","noviembre de 2016."
"4","noviembre de 2018."
"201","October 2018."
"4","Octobre 2015."
"1","octubre 2014."
"2","octubre de 2015."
"2","octubre de 2017."
"1","Oktober 2018."
"1","p1977."
"1","<p1980>."
"4","p1987."
"3","p1988-1989."
"6","p[1989]"
"1","p1989, 1990."
"4","p1998, 2002."
"2","p2000, 2001."
"45","p2001, 1985."
"13","p[2005]"
"19","p2005."
"18","p2006."
"3","p2007."
"2","p[2008]"
"18","p2008."
"6","p2009."
"22","p2010."
"23","p2011."
"41","p2012."
"1443","p2013."
"653","p2014."
"2","p2014, ©2013"
"166","p2015."
"11","p 2016."
"5","p2016."
"7","[p2017]"
"7","p2017."
"4","pc1979, 2013."
"10","pc1995."
"21","pc1999."
"12","pc2000."
"13","p&c2001."
"19","pc2001."
"30","pc2002."
"30","pc2004."
"5","pc2005."
"17","pc2005, 1995."
"29","pc2007."
"10","pc2008."
"2","pc 2009."
"5","pc2009."
"5","pc2011."
"7","p&c2012."
"6","pc2012."
"22","pc2013."
"7","pc2014."
"1","pc[2015."
"14","Penguin Books,"
"1","pref. 1881."
"2","[pref. 1896]"
"4","[pref. 1918]"
"32","[Publisher not identified], [2014]"
"1","Q."
"2","Sané 2007 [June 2015]"
"1","September 2012."
"1","September 2014."
"218","September 2018."
"3","septembre 2018."
"2","septiembre 2018."
"1","septiembre de 2015."
"1","septiembre de 2018."
"2","settembre 2016."
"2","Shōwa 34 [1959]"
"1","Shōwa 40 [1965]"
"1","Shōwa 45 (1970)"
"4","Shōwa 46 [1971]"
"1","Shōwa 48 [1973]"
"2","Shōwa 52 [1977]"
"2","Shōwa 53 [1978]"
"1","Shōwa 54 [1979]"
"1","Shōwa 55 [1980]"
"4","Shōwa 56 [1981]"
"1","Shōwa 57 [1982]"
"4","Shōwa 57 [1982] (Shōwa 58 [1983] printing)"
"11","Shōwa 58 [1983]"
"6","Shōwa 58-59 [1983-1984]"
"9","Shōwa 59 [1984]"
"5","Shōwa 60 [1985]"
"3","Shōwa 61 [1986]"
"1","Shōwa61 [1986]"
"9","Shōwa 62 [1987]"
"2","Shōwa 62-63 [1987-1988]"
"4","Shōwa 63 [1988]"
"2","Square One Publishers . [2005]"
"8","Tāhśāś 2005"
"1","Ṭeqemt 2007 ʻĀmata meḥerat, October 2014."
"1","[Vorwort 1956]"
"1","Xin chao she :. 1992."
"50643",
